Workbook

Sheet Production Data
A1: Well | B1: Field | C1: Oil (bbl/day) | D1: Gas (Mscf/day) | E1: Water (bbl/day) | F1: Pressure (psi) | G1: Temperature (°F) | H1: Pump Type | I1: Status | J1: Pump Efficiency (%) | K1: Water Cut (%) | L1: Recommended Action | M1: Pump Type | N1: Efficiency (%)
A2: W001 | B2: Charlie | C2: 1256 | D2: 175 | E2: 963 | F2: 2701 | G2: 177 | H2: ESP | I2: Shut-in | J2: =IFERROR(INDEX($N$2:$N$4,MATCH(H2,$M$2:$M$4,0)),"N/A") -> 94 | K2: =IFERROR(ROUND((E2/(C2+E2))*100,1),"N/A") -> 43.4 | L2: =IF(C2<1500,"Workover Candidate",IF(E2>1200,"Water Shutoff Study",IF(F2<2400,"Reservoir Review",IF(AND(I2="Active",C2>3500),"Maintain Current Operations",IF(I2="Shut-in","Restart Evaluation","Monitor"))))) -> Workover Candidate | M2: ESP | N2: 94
A3: W002 | B3: Alpha | C3: 3571 | D3: 708 | E3: 578 | F3: 3064 | G3: 171 | H3: ESP | I3: Active | J3: =IFERROR(INDEX($N$2:$N$4,MATCH(H3,$M$2:$M$4,0)),"N/A") -> 94 | K3: =IFERROR(ROUND((E3/(C3+E3))*100,1),"N/A") -> 13.9 | L3: =IF(C3<1500,"Workover Candidate",IF(E3>1200,"Water Shutoff Study",IF(F3<2400,"Reservoir Review",IF(AND(I3="Active",C3>3500),"Maintain Current Operations",IF(I3="Shut-in","Restart Evaluation","Monitor"))))) -> Maintain Current Operations | M3: Rod Pump | N3: 88
A4: W003 | B4: Alpha | C4: 1752 | D4: 667 | E4: 454 | F4: 2607 | G4: 192 | H4: Gas Lift | I4: Shut-in | J4: =IFERROR(INDEX($N$2:$N$4,MATCH(H4,$M$2:$M$4,0)),"N/A") -> 91 | K4: =IFERROR(ROUND((E4/(C4+E4))*100,1),"N/A") -> 20.6 | L4: =IF(C4<1500,"Workover Candidate",IF(E4>1200,"Water Shutoff Study",IF(F4<2400,"Reservoir Review",IF(AND(I4="Active",C4>3500),"Maintain Current Operations",IF(I4="Shut-in","Restart Evaluation","Monitor"))))) -> Restart Evaluation | M4: Gas Lift | N4: 91
A5: W004 | B5: Charlie | C5: 2518 | D5: 375 | E5: 1319 | F5: 2769 | G5: 195 | H5: ESP | I5: Active | J5: =IFERROR(INDEX($N$2:$N$4,MATCH(H5,$M$2:$M$4,0)),"N/A") -> 94 | K5: =IFERROR(ROUND((E5/(C5+E5))*100,1),"N/A") -> 34.4 | L5: =IF(C5<1500,"Workover Candidate",IF(E5>1200,"Water Shutoff Study",IF(F5<2400,"Reservoir Review",IF(AND(I5="Active",C5>3500),"Maintain Current Operations",IF(I5="Shut-in","Restart Evaluation","Monitor"))))) -> Water Shutoff Study
A6: W005 | B6: Charlie | C6: 2531 | D6: 498 | E6: 969 | F6: 2518 | G6: 176 | H6: Rod Pump | I6: Active | J6: =IFERROR(INDEX($N$2:$N$4,MATCH(H6,$M$2:$M$4,0)),"N/A") -> 88 | K6: =IFERROR(ROUND((E6/(C6+E6))*100,1),"N/A") -> 27.7 | L6: =IF(C6<1500,"Workover Candidate",IF(E6>1200,"Water Shutoff Study",IF(F6<2400,"Reservoir Review",IF(AND(I6="Active",C6>3500),"Maintain Current Operations",IF(I6="Shut-in","Restart Evaluation","Monitor"))))) -> Monitor
A7: W006 | B7: Alpha | C7: 2356 | D7: 249 | E7: 1135 | F7: 2904 | G7: 189 | H7: Rod Pump | I7: Active | J7: =IFERROR(INDEX($N$2:$N$4,MATCH(H7,$M$2:$M$4,0)),"N/A") -> 88 | K7: =IFERROR(ROUND((E7/(C7+E7))*100,1),"N/A") -> 32.5 | L7: =IF(C7<1500,"Workover Candidate",IF(E7>1200,"Water Shutoff Study",IF(F7<2400,"Reservoir Review",IF(AND(I7="Active",C7>3500),"Maintain Current Operations",IF(I7="Shut-in","Restart Evaluation","Monitor"))))) -> Monitor
A8: W007 | B8: Charlie | C8: 2681 | D8: 699 | E8: 655 | F8: 2975 | G8: 172 | H8: Gas Lift | I8: Monitor | J8: =IFERROR(INDEX($N$2:$N$4,MATCH(H8,$M$2:$M$4,0)),"N/A") -> 91 | K8: =IFERROR(ROUND((E8/(C8+E8))*100,1),"N/A") -> 19.6 | L8: =IF(C8<1500,"Workover Candidate",IF(E8>1200,"Water Shutoff Study",IF(F8<2400,"Reservoir Review",IF(AND(I8="Active",C8>3500),"Maintain Current Operations",IF(I8="Shut-in","Restart Evaluation","Monitor"))))) -> Monitor
A9: W008 | B9: Charlie | C9: 3333 | D9: 520 | E9: 793 | F9: 2342 | G9: 171 | H9: Gas Lift | I9: Active | J9: =IFERROR(INDEX($N$2:$N$4,MATCH(H9,$M$2:$M$4,0)),"N/A") -> 91 | K9: =IFERROR(ROUND((E9/(C9+E9))*100,1),"N/A") -> 19.2 | L9: =IF(C9<1500,"Workover Candidate",IF(E9>1200,"Water Shutoff Study",IF(F9<2400,"Reservoir Review",IF(AND(I9="Active",C9>3500),"Maintain Current Operations",IF(I9="Shut-in","Restart Evaluation","Monitor"))))) -> Reservoir Review
A10: W009 | B10: Bravo | C10: 1126 | D10: 388 | E10: 606 | F10: 2978 | G10: 178 | H10: Rod Pump | I10: Shut-in | J10: =IFERROR(INDEX($N$2:$N$4,MATCH(H10,$M$2:$M$4,0)),"N/A") -> 88 | K10: =IFERROR(ROUND((E10/(C10+E10))*100,1),"N/A") -> 35 | L10: =IF(C10<1500,"Workover Candidate",IF(E10>1200,"Water Shutoff Study",IF(F10<2400,"Reservoir Review",IF(AND(I10="Active",C10>3500),"Maintain Current Operations",IF(I10="Shut-in","Restart Evaluation","Monitor"))))) -> Workover Candidate
A11: W010 | B11: Bravo | C11: 1466 | D11: 529 | E11: 1127 | F11: 2629 | G11: 191 | H11: Rod Pump | I11: Shut-in | J11: =IFERROR(INDEX($N$2:$N$4,MATCH(H11,$M$2:$M$4,0)),"N/A") -> 88 | K11: =IFERROR(ROUND((E11/(C11+E11))*100,1),"N/A") -> 43.5 | L11: =IF(C11<1500,"Workover Candidate",IF(E11>1200,"Water Shutoff Study",IF(F11<2400,"Reservoir Review",IF(AND(I11="Active",C11>3500),"Maintain Current Operations",IF(I11="Shut-in","Restart Evaluation","Monitor"))))) -> Workover Candidate
A12: W011 | B12: Charlie | C12: 3454 | D12: 223 | E12: 750 | F12: 3293 | G12: 193 | H12: ESP | I12: Active | J12: =IFERROR(INDEX($N$2:$N$4,MATCH(H12,$M$2:$M$4,0)),"N/A") -> 94 | K12: =IFERROR(ROUND((E12/(C12+E12))*100,1),"N/A") -> 17.8 | L12: =IF(C12<1500,"Workover Candidate",IF(E12>1200,"Water Shutoff Study",IF(F12<2400,"Reservoir Review",IF(AND(I12="Active",C12>3500),"Maintain Current Operations",IF(I12="Shut-in","Restart Evaluation","Monitor"))))) -> Monitor
A13: W012 | B13: Bravo | C13: 2354 | D13: 426 | E13: 849 | F13: 2864 | G13: 194 | H13: ESP | I13: Active | J13: =IFERROR(INDEX($N$2:$N$4,MATCH(H13,$M$2:$M$4,0)),"N/A") -> 94 | K13: =IFERROR(ROUND((E13/(C13+E13))*100,1),"N/A") -> 26.5 | L13: =IF(C13<1500,"Workover Candidate",IF(E13>1200,"Water Shutoff Study",IF(F13<2400,"Reservoir Review",IF(AND(I13="Active",C13>3500),"Maintain Current Operations",IF(I13="Shut-in","Restart Evaluation","Monitor"))))) -> Monitor
A14: W013 | B14: Alpha | C14: 4097 | D14: 473 | E14: 1221 | F14: 2748 | G14: 172 | H14: ESP | I14: Shut-in | J14: =IFERROR(INDEX($N$2:$N$4,MATCH(H14,$M$2:$M$4,0)),"N/A") -> 94 | K14: =IFERROR(ROUND((E14/(C14+E14))*100,1),"N/A") -> 23 | L14: =IF(C14<1500,"Workover Candidate",IF(E14>1200,"Water Shutoff Study",IF(F14<2400,"Reservoir Review",IF(AND(I14="Active",C14>3500),"Maintain Current Operations",IF(I14="Shut-in","Restart Evaluation","Monitor"))))) -> Water Shutoff Study
A15: W014 | B15: Charlie | C15: 2088 | D15: 367 | E15: 1422 | F15: 3010 | G15: 190 | H15: Rod Pump | I15: Active | J15: =IFERROR(INDEX($N$2:$N$4,MATCH(H15,$M$2:$M$4,0)),"N/A") -> 88 | K15: =IFERROR(ROUND((E15/(C15+E15))*100,1),"N/A") -> 40.5 | L15: =IF(C15<1500,"Workover Candidate",IF(E15>1200,"Water Shutoff Study",IF(F15<2400,"Reservoir Review",IF(AND(I15="Active",C15>3500),"Maintain Current Operations",IF(I15="Shut-in","Restart Evaluation","Monitor"))))) -> Water Shutoff Study
A16: W015 | B16: Bravo | C16: 1371 | D16: 402 | E16: 938 | F16: 3077 | G16: 188 | H16: Rod Pump | I16: Monitor | J16: =IFERROR(INDEX($N$2:$N$4,MATCH(H16,$M$2:$M$4,0)),"N/A") -> 88 | K16: =IFERROR(ROUND((E16/(C16+E16))*100,1),"N/A") -> 40.6 | L16: =IF(C16<1500,"Workover Candidate",IF(E16>1200,"Water Shutoff Study",IF(F16<2400,"Reservoir Review",IF(AND(I16="Active",C16>3500),"Maintain Current Operations",IF(I16="Shut-in","Restart Evaluation","Monitor"))))) -> Workover Candidate
... A51: W050 | B51: Charlie | C51: 3397 | D51: 420 | E51: 1435 | F51: 3200 | G51: 178 | H51: ESP | I51: Active | J51: =IFERROR(INDEX($N$2:$N$4,MATCH(H51,$M$2:$M$4,0)),"N/A") -> 94 | K51: =IFERROR(ROUND((E51/(C51+E51))*100,1),"N/A") -> 29.7 | L51: =IF(C51<1500,"Workover Candidate",IF(E51>1200,"Water Shutoff Study",IF(F51<2400,"Reservoir Review",IF(AND(I51="Active",C51>3500),"Maintain Current Operations",IF(I51="Shut-in","Restart Evaluation","Monitor"))))) -> Water Shutoff Study

Sheet KPIs & Summary
A1: Total Oil Production (bbl/day) | B1: =SUM('Production Data'!C2:C51) -> 135032
A2: Average Oil Rate (bbl/day) | B2: =AVERAGE('Production Data'!C2:C51) -> 2700.64
A3: Highest Producing Well | B3: {=INDEX('Production Data'!A2:A51,MATCH(MAX('Production Data'!C2:C51),'Production Data'!C2:C51,0))} -> W020
A4: Lowest Producing Well | B4: {=INDEX('Production Data'!A2:A51,MATCH(MIN('Production Data'!C2:C51),'Production Data'!C2:C51,0))} -> W022
A5: Number of Active Wells | B5: =COUNTIF('Production Data'!I2:I51,"Active") -> 26
A6: Number of Shut-in Wells | B6: =COUNTIF('Production Data'!I2:I51,"Shut-in") -> 16
A7: Number of Monitor Wells | B7: =COUNTIF('Production Data'!I2:I51,"Monitor") -> 8
A8: Average Pressure (psi) | B8: =AVERAGE('Production Data'!F2:F51) -> 2784.12
A9: Average Water Cut (%) | B9: =AVERAGE('Production Data'!K2:K51) -> 27.18
A10: Average Temperature (°F) | B10: =AVERAGE('Production Data'!G2:G51) -> 183.46
A11: Total Gas Production (Mscf/day) | B11: =SUM('Production Data'!D2:D51) -> 23215
A12: Total Water Production (bbl/day) | B12: =SUM('Production Data'!E2:E51) -> 45578

Sheet Field Summary
A1: Field Summary
A3: Field | B3: Total Oil (bbl/day) | C3: Total Gas (Mscf/day) | D3: Total Water (bbl/day) | E3: Avg Pressure (psi) | F3: Active Wells | G3: Shut-in Wells | H3: Monitor Wells
A4: Alpha | B4: =SUMIF('Production Data'!B:B,"Alpha",'Production Data'!C:C) -> 41307 | C4: =SUMIF('Production Data'!B:B,"Alpha",'Production Data'!D:D) -> 7168 | D4: =SUMIF('Production Data'!B:B,"Alpha",'Production Data'!E:E) -> 15059 | E4: =AVERAGEIF('Production Data'!B:B,"Alpha",'Production Data'!F:F) -> 2730 | F4: =COUNTIFS('Production Data'!B:B,"Alpha",'Production Data'!I:I,"Active") -> 11 | G4: =COUNTIFS('Production Data'!B:B,"Alpha",'Production Data'!I:I,"Shut-in") -> 5 | H4: =COUNTIFS('Production Data'!B:B,"Alpha",'Production Data'!I:I,"Monitor") -> 0
A5: Bravo | B5: =SUMIF('Production Data'!B:B,"Bravo",'Production Data'!C:C) -> 34291 | C5: =SUMIF('Production Data'!B:B,"Bravo",'Production Data'!D:D) -> 6756 | D5: =SUMIF('Production Data'!B:B,"Bravo",'Production Data'!E:E) -> 9701 | E5: =AVERAGEIF('Production Data'!B:B,"Bravo",'Production Data'!F:F) -> 2770.2308 | F5: =COUNTIFS('Production Data'!B:B,"Bravo",'Production Data'!I:I,"Active") -> 4 | G5: =COUNTIFS('Production Data'!B:B,"Bravo",'Production Data'!I:I,"Shut-in") -> 6 | H5: =COUNTIFS('Production Data'!B:B,"Bravo",'Production Data'!I:I,"Monitor") -> 3
A6: Charlie | B6: =SUMIF('Production Data'!B:B,"Charlie",'Production Data'!C:C) -> 59434 | C6: =SUMIF('Production Data'!B:B,"Charlie",'Production Data'!D:D) -> 9291 | D6: =SUMIF('Production Data'!B:B,"Charlie",'Production Data'!E:E) -> 20818 | E6: =AVERAGEIF('Production Data'!B:B,"Charlie",'Production Data'!F:F) -> 2833.9524 | F6: =COUNTIFS('Production Data'!B:B,"Charlie",'Production Data'!I:I,"Active") -> 11 | G6: =COUNTIFS('Production Data'!B:B,"Charlie",'Production Data'!I:I,"Shut-in") -> 5 | H6: =COUNTIFS('Production Data'!B:B,"Charlie",'Production Data'!I:I,"Monitor") -> 5

Sheet Alert Wells
A1: WELLS REQUIRING ATTENTION
A3: Well ID | B3: Field | C3: Oil (bbl/day) | D3: Water (%) | E3: Pressure (psi) | F3: Status | G3: Recommended Action
A4: =IF(OR('Production Data'!C2<1500,'Production Data'!E2>1200,'Production Data'!F2<2400,'Production Data'!I2="Shut-in"),'Production Data'!A2,"") -> W001 | B4: {=IF(A4<>"",INDEX('Production Data'!B:B,MATCH(A4,'Production Data'!A:A,0)),"")} -> Charlie | C4: {=IF(A4<>"",INDEX('Production Data'!C:C,MATCH(A4,'Production Data'!A:A,0)),"")} -> 1256 | D4: {=IF(A4<>"",INDEX('Production Data'!K:K,MATCH(A4,'Production Data'!A:A,0)),"")} -> 43.4 | E4: {=IF(A4<>"",INDEX('Production Data'!F:F,MATCH(A4,'Production Data'!A:A,0)),"")} -> 2701 | F4: {=IF(A4<>"",INDEX('Production Data'!I:I,MATCH(A4,'Production Data'!A:A,0)),"")} -> Shut-in | G4: {=IF(A4<>"",INDEX('Production Data'!L:L,MATCH(A4,'Production Data'!A:A,0)),"")} -> Workover Candidate
A5: =IF(OR('Production Data'!C3<1500,'Production Data'!E3>1200,'Production Data'!F3<2400,'Production Data'!I3="Shut-in"),'Production Data'!A3,"") | B5: {=IF(A5<>"",INDEX('Production Data'!B:B,MATCH(A5,'Production Data'!A:A,0)),"")} | C5: {=IF(A5<>"",INDEX('Production Data'!C:C,MATCH(A5,'Production Data'!A:A,0)),"")} | D5: {=IF(A5<>"",INDEX('Production Data'!K:K,MATCH(A5,'Production Data'!A:A,0)),"")} | E5: {=IF(A5<>"",INDEX('Production Data'!F:F,MATCH(A5,'Production Data'!A:A,0)),"")} | F5: {=IF(A5<>"",INDEX('Production Data'!I:I,MATCH(A5,'Production Data'!A:A,0)),"")} | G5: {=IF(A5<>"",INDEX('Production Data'!L:L,MATCH(A5,'Production Data'!A:A,0)),"")}
A6: =IF(OR('Production Data'!C4<1500,'Production Data'!E4>1200,'Production Data'!F4<2400,'Production Data'!I4="Shut-in"),'Production Data'!A4,"") -> W003 | B6: {=IF(A6<>"",INDEX('Production Data'!B:B,MATCH(A6,'Production Data'!A:A,0)),"")} -> Alpha | C6: {=IF(A6<>"",INDEX('Production Data'!C:C,MATCH(A6,'Production Data'!A:A,0)),"")} -> 1752 | D6: {=IF(A6<>"",INDEX('Production Data'!K:K,MATCH(A6,'Production Data'!A:A,0)),"")} -> 20.6 | E6: {=IF(A6<>"",INDEX('Production Data'!F:F,MATCH(A6,'Production Data'!A:A,0)),"")} -> 2607 | F6: {=IF(A6<>"",INDEX('Production Data'!I:I,MATCH(A6,'Production Data'!A:A,0)),"")} -> Shut-in | G6: {=IF(A6<>"",INDEX('Production Data'!L:L,MATCH(A6,'Production Data'!A:A,0)),"")} -> Restart Evaluation
A7: =IF(OR('Production Data'!C5<1500,'Production Data'!E5>1200,'Production Data'!F5<2400,'Production Data'!I5="Shut-in"),'Production Data'!A5,"") -> W004 | B7: {=IF(A7<>"",INDEX('Production Data'!B:B,MATCH(A7,'Production Data'!A:A,0)),"")} -> Charlie | C7: {=IF(A7<>"",INDEX('Production Data'!C:C,MATCH(A7,'Production Data'!A:A,0)),"")} -> 2518 | D7: {=IF(A7<>"",INDEX('Production Data'!K:K,MATCH(A7,'Production Data'!A:A,0)),"")} -> 34.4 | E7: {=IF(A7<>"",INDEX('Production Data'!F:F,MATCH(A7,'Production Data'!A:A,0)),"")} -> 2769 | F7: {=IF(A7<>"",INDEX('Production Data'!I:I,MATCH(A7,'Production Data'!A:A,0)),"")} -> Active | G7: {=IF(A7<>"",INDEX('Production Data'!L:L,MATCH(A7,'Production Data'!A:A,0)),"")} -> Water Shutoff Study
A8: =IF(OR('Production Data'!C6<1500,'Production Data'!E6>1200,'Production Data'!F6<2400,'Production Data'!I6="Shut-in"),'Production Data'!A6,"") | B8: {=IF(A8<>"",INDEX('Production Data'!B:B,MATCH(A8,'Production Data'!A:A,0)),"")} | C8: {=IF(A8<>"",INDEX('Production Data'!C:C,MATCH(A8,'Production Data'!A:A,0)),"")} | D8: {=IF(A8<>"",INDEX('Production Data'!K:K,MATCH(A8,'Production Data'!A:A,0)),"")} | E8: {=IF(A8<>"",INDEX('Production Data'!F:F,MATCH(A8,'Production Data'!A:A,0)),"")} | F8: {=IF(A8<>"",INDEX('Production Data'!I:I,MATCH(A8,'Production Data'!A:A,0)),"")} | G8: {=IF(A8<>"",INDEX('Production Data'!L:L,MATCH(A8,'Production Data'!A:A,0)),"")}
A9: =IF(OR('Production Data'!C7<1500,'Production Data'!E7>1200,'Production Data'!F7<2400,'Production Data'!I7="Shut-in"),'Production Data'!A7,"") | B9: {=IF(A9<>"",INDEX('Production Data'!B:B,MATCH(A9,'Production Data'!A:A,0)),"")} | C9: {=IF(A9<>"",INDEX('Production Data'!C:C,MATCH(A9,'Production Data'!A:A,0)),"")} | D9: {=IF(A9<>"",INDEX('Production Data'!K:K,MATCH(A9,'Production Data'!A:A,0)),"")} | E9: {=IF(A9<>"",INDEX('Production Data'!F:F,MATCH(A9,'Production Data'!A:A,0)),"")} | F9: {=IF(A9<>"",INDEX('Production Data'!I:I,MATCH(A9,'Production Data'!A:A,0)),"")} | G9: {=IF(A9<>"",INDEX('Production Data'!L:L,MATCH(A9,'Production Data'!A:A,0)),"")}
A10: =IF(OR('Production Data'!C8<1500,'Production Data'!E8>1200,'Production Data'!F8<2400,'Production Data'!I8="Shut-in"),'Production Data'!A8,"") | B10: {=IF(A10<>"",INDEX('Production Data'!B:B,MATCH(A10,'Production Data'!A:A,0)),"")} | C10: {=IF(A10<>"",INDEX('Production Data'!C:C,MATCH(A10,'Production Data'!A:A,0)),"")} | D10: {=IF(A10<>"",INDEX('Production Data'!K:K,MATCH(A10,'Production Data'!A:A,0)),"")} | E10: {=IF(A10<>"",INDEX('Production Data'!F:F,MATCH(A10,'Production Data'!A:A,0)),"")} | F10: {=IF(A10<>"",INDEX('Production Data'!I:I,MATCH(A10,'Production Data'!A:A,0)),"")} | G10: {=IF(A10<>"",INDEX('Production Data'!L:L,MATCH(A10,'Production Data'!A:A,0)),"")}
A11: =IF(OR('Production Data'!C9<1500,'Production Data'!E9>1200,'Production Data'!F9<2400,'Production Data'!I9="Shut-in"),'Production Data'!A9,"") -> W008 | B11: {=IF(A11<>"",INDEX('Production Data'!B:B,MATCH(A11,'Production Data'!A:A,0)),"")} -> Charlie | C11: {=IF(A11<>"",INDEX('Production Data'!C:C,MATCH(A11,'Production Data'!A:A,0)),"")} -> 3333 | D11: {=IF(A11<>"",INDEX('Production Data'!K:K,MATCH(A11,'Production Data'!A:A,0)),"")} -> 19.2 | E11: {=IF(A11<>"",INDEX('Production Data'!F:F,MATCH(A11,'Production Data'!A:A,0)),"")} -> 2342 | F11: {=IF(A11<>"",INDEX('Production Data'!I:I,MATCH(A11,'Production Data'!A:A,0)),"")} -> Active | G11: {=IF(A11<>"",INDEX('Production Data'!L:L,MATCH(A11,'Production Data'!A:A,0)),"")} -> Reservoir Review
A12: =IF(OR('Production Data'!C10<1500,'Production Data'!E10>1200,'Production Data'!F10<2400,'Production Data'!I10="Shut-in"),'Production Data'!A10,"") -> W009 | B12: {=IF(A12<>"",INDEX('Production Data'!B:B,MATCH(A12,'Production Data'!A:A,0)),"")} -> Bravo | C12: {=IF(A12<>"",INDEX('Production Data'!C:C,MATCH(A12,'Production Data'!A:A,0)),"")} -> 1126 | D12: {=IF(A12<>"",INDEX('Production Data'!K:K,MATCH(A12,'Production Data'!A:A,0)),"")} -> 35 | E12: {=IF(A12<>"",INDEX('Production Data'!F:F,MATCH(A12,'Production Data'!A:A,0)),"")} -> 2978 | F12: {=IF(A12<>"",INDEX('Production Data'!I:I,MATCH(A12,'Production Data'!A:A,0)),"")} -> Shut-in | G12: {=IF(A12<>"",INDEX('Production Data'!L:L,MATCH(A12,'Production Data'!A:A,0)),"")} -> Workover Candidate
A13: =IF(OR('Production Data'!C11<1500,'Production Data'!E11>1200,'Production Data'!F11<2400,'Production Data'!I11="Shut-in"),'Production Data'!A11,"") -> W010 | B13: {=IF(A13<>"",INDEX('Production Data'!B:B,MATCH(A13,'Production Data'!A:A,0)),"")} -> Bravo | C13: {=IF(A13<>"",INDEX('Production Data'!C:C,MATCH(A13,'Production Data'!A:A,0)),"")} -> 1466 | D13: {=IF(A13<>"",INDEX('Production Data'!K:K,MATCH(A13,'Production Data'!A:A,0)),"")} -> 43.5 | E13: {=IF(A13<>"",INDEX('Production Data'!F:F,MATCH(A13,'Production Data'!A:A,0)),"")} -> 2629 | F13: {=IF(A13<>"",INDEX('Production Data'!I:I,MATCH(A13,'Production Data'!A:A,0)),"")} -> Shut-in | G13: {=IF(A13<>"",INDEX('Production Data'!L:L,MATCH(A13,'Production Data'!A:A,0)),"")} -> Workover Candidate
A14: =IF(OR('Production Data'!C12<1500,'Production Data'!E12>1200,'Production Data'!F12<2400,'Production Data'!I12="Shut-in"),'Production Data'!A12,"") | B14: {=IF(A14<>"",INDEX('Production Data'!B:B,MATCH(A14,'Production Data'!A:A,0)),"")} | C14: {=IF(A14<>"",INDEX('Production Data'!C:C,MATCH(A14,'Production Data'!A:A,0)),"")} | D14: {=IF(A14<>"",INDEX('Production Data'!K:K,MATCH(A14,'Production Data'!A:A,0)),"")} | E14: {=IF(A14<>"",INDEX('Production Data'!F:F,MATCH(A14,'Production Data'!A:A,0)),"")} | F14: {=IF(A14<>"",INDEX('Production Data'!I:I,MATCH(A14,'Production Data'!A:A,0)),"")} | G14: {=IF(A14<>"",INDEX('Production Data'!L:L,MATCH(A14,'Production Data'!A:A,0)),"")}
A15: =IF(OR('Production Data'!C13<1500,'Production Data'!E13>1200,'Production Data'!F13<2400,'Production Data'!I13="Shut-in"),'Production Data'!A13,"") | B15: {=IF(A15<>"",INDEX('Production Data'!B:B,MATCH(A15,'Production Data'!A:A,0)),"")} | C15: {=IF(A15<>"",INDEX('Production Data'!C:C,MATCH(A15,'Production Data'!A:A,0)),"")} | D15: {=IF(A15<>"",INDEX('Production Data'!K:K,MATCH(A15,'Production Data'!A:A,0)),"")} | E15: {=IF(A15<>"",INDEX('Production Data'!F:F,MATCH(A15,'Production Data'!A:A,0)),"")} | F15: {=IF(A15<>"",INDEX('Production Data'!I:I,MATCH(A15,'Production Data'!A:A,0)),"")} | G15: {=IF(A15<>"",INDEX('Production Data'!L:L,MATCH(A15,'Production Data'!A:A,0)),"")}
... A53: =IF(OR('Production Data'!C51<1500,'Production Data'!E51>1200,'Production Data'!F51<2400,'Production Data'!I51="Shut-in"),'Production Data'!A51,"") -> W050 | B53: {=IF(A53<>"",INDEX('Production Data'!B:B,MATCH(A53,'Production Data'!A:A,0)),"")} -> Charlie | C53: {=IF(A53<>"",INDEX('Production Data'!C:C,MATCH(A53,'Production Data'!A:A,0)),"")} -> 3397 | D53: {=IF(A53<>"",INDEX('Production Data'!K:K,MATCH(A53,'Production Data'!A:A,0)),"")} -> 29.7 | E53: {=IF(A53<>"",INDEX('Production Data'!F:F,MATCH(A53,'Production Data'!A:A,0)),"")} -> 3200 | F53: {=IF(A53<>"",INDEX('Production Data'!I:I,MATCH(A53,'Production Data'!A:A,0)),"")} -> Active | G53: {=IF(A53<>"",INDEX('Production Data'!L:L,MATCH(A53,'Production Data'!A:A,0)),"")} -> Water Shutoff Study

Sheet Charts
A1: PRODUCTION SURVEILLANCE CHARTS
A30: Pump Type | B30: Count
A31: ESP | B31: =COUNTIF('Production Data'!H:H,"ESP") -> 22
A32: Rod Pump | B32: =COUNTIF('Production Data'!H:H,"Rod Pump") -> 19
A33: Gas Lift | B33: =COUNTIF('Production Data'!H:H,"Gas Lift") -> 9
